主題,出處
A1B2,傾聽的力量
B3B1,
B3A,卡片盒筆記
B,卡片盒筆記
B3,卡片盒筆記
B2,卡片盒筆記
B1A,卡片盒筆記
B1,卡片盒筆記
B1A1,卡片盒筆記
F1B1,蛤蟆先生去看心理師
A,傾聽的力量
A1A,傾聽的力量
A1A3,傾聽的力量
A1A2C5B1,蛤蟆先生去看心理師
F1A1,蛤蟆先生去看心理師
F1C,蛤蟆先生去看心理師
F1A,蛤蟆先生去看心理師
F1,蛤蟆先生去看心理師
F1B,蛤蟆先生去看心理師
F2,蛤蟆先生去看心理師
F,蛤蟆先生去看心理師
A1A2C6,
A1B3,傾聽的力量
A1B,傾聽的力量
A1A2C1,傾聽的力量
A1A2C5B,傾聽的力量
A1B1A,傾聽的力量
A1B1C,傾聽的力量
A1B1C1,傾聽的力量
A1B1B,傾聽的力量
A1C,傾聽的力量
A1,傾聽的力量
A1A2A,傾聽的力量
A1B1C2,傾聽的力量
G,大腦喜歡這樣學
G1,大腦喜歡這樣學
G2,大腦喜歡這樣學
G3,大腦喜歡這樣學
G3B,大腦喜歡這樣學
G4B1A1,大腦喜歡這樣學
G4A,大腦喜歡這樣學
G4A2,大腦喜歡這樣學
G2C,大腦喜歡這樣學
G2B1,大腦喜歡這樣學
G3C,大腦喜歡這樣學
G4D,大腦喜歡這樣學
G4A1,大腦喜歡這樣學
G2A,大腦喜歡這樣學
G4C1,大腦喜歡這樣學
G1A,大腦喜歡這樣學
G4B,大腦喜歡這樣學
G4B1A,大腦喜歡這樣學
G4B1,大腦喜歡這樣學
G4C,大腦喜歡這樣學
G2B,大腦喜歡這樣學
G4B1A1A,大腦喜歡這樣學
G3A,大腦喜歡這樣學
G3A1,大腦喜歡這樣學
G3A2,大腦喜歡這樣學
G4C2,大腦喜歡這樣學
G3C1A,大腦喜歡這樣學
G3C1A1,大腦喜歡這樣學
G3C1,大腦喜歡這樣學
G1B,大腦喜歡這樣學
G4,大腦喜歡這樣學
K,數值化之鬼
A3D2,FB
A3D,FB
H1,哈佛商業評論最有影響力的30篇文章
H,哈佛商業評論最有影響力的30篇文章
H1A,哈佛商業評論最有影響力的30篇文章
H3,哈佛商業評論最有影響力的30篇文章
H2D,哈佛商業評論最有影響力的30篇文章
H2C,哈佛商業評論最有影響力的30篇文章
H2A,哈佛商業評論最有影響力的30篇文章
H2,哈佛商業評論最有影響力的30篇文章
H2B,哈佛商業評論最有影響力的30篇文章
H2E2,哈佛商業評論最有影響力的30篇文章
H2E,哈佛商業評論最有影響力的30篇文章
A4G,哈佛商業評論最有影響力的30篇文章
K3,哈佛商業評論最有影響力的30篇文章
K2,哈佛商業評論最有影響力的30篇文章
K1,哈佛商業評論最有影響力的30篇文章
A4,大人學閒聊
A4E,大人學閒聊
A4F,大人學閒聊
A4C,大人學閒聊
A4A,大人學閒聊
A4A1,大人學閒聊
A4D1,大人學閒聊
A4D,大人學閒聊
H2E1C,解密陌生人
H2E1B,解密陌生人
H2E1B1,解密陌生人
H2E1,解密陌生人
H2E1A,解密陌生人
A1A2C5B1A,多巴胺國度
A1A2C5B1B,多巴胺國度
K4,窮查理的普通常識
H2E2A,思考101
H2E2A1,思考101
H2E2A2,思考101
H2E2A3,思考101
H2E2A3A,思考101
H2E2B,思考101
H2E2A3A2,思考101
H2E2B1,思考101
H2E2A1A,思考101
H2E2A1A1,思考101
H2E2A3A1,思考101
H2E1C1,思考101
H2E1C1A,思考101
H2E1C1A2,思考101
H2E1C1A1,思考101
H2E1C1A3,思考101
K3A1,思考101
K3A,思考101
K3A2,思考101
K3A1A,思考101
M,FB
H2A2,解決問題的人
C1,寫作，是最好的自我投資
C,寫作，是最好的自我投資
C2E3,寫作，是最好的自我投資
C6B1B8E,寫作，是最好的自我投資
C2B,寫作，是最好的自我投資
C2A,寫作，是最好的自我投資
C2B2,寫作，是最好的自我投資
C2E4,寫作，是最好的自我投資
C6B1B8D,寫作，是最好的自我投資
C6B1B8D1,寫作，是最好的自我投資
C6B1A2,寫作，是最好的自我投資
C6B1B9,寫作，是最好的自我投資
C4C,流量密碼
C4A,流量密碼
C4,流量密碼
C4B1,流量密碼
C4B,流量密碼
C2E4A,https://www.books.com.tw/products/0010816896
C2E4A1,https://www.books.com.tw/products/0010816896
C2E4A2,https://www.books.com.tw/products/0010816896
C2E4A2A,https://www.books.com.tw/products/0010816896
C2E5,故事課2
H2D1,過度努力
K3A3,過度努力
M1,究極休息術
A4H2A1,影響力是你的超能力
A4H2,影響力是你的超能力
A4H1,影響力是你的超能力
A4H2A,影響力是你的超能力
A2D1,影響力是你的超能力
A1B1C3,影響力是你的超能力
A1A2C1B,影響力是你的超能力
G4B1A1B,多巴胺國度
G4B1A1B1,多巴胺國度
A1A4A,行為
A1A4C,行為
A1A4,行為
A1A4B,行為
A1A4B1,行為
C6,精準寫作
C2,精準寫作
C6B1,精準寫作
C2A1,精準寫作
C6B1B2,精準寫作
C6B1B2A,精準寫作
C6B1B3,精準寫作
C6B1B4A,精準寫作
C6B1B4B1,精準寫作
C6B1B4B,精準寫作
C6B1B4B2,精準寫作
C6B1B4,精準寫作
C6B1B5A,精準寫作
C2A1A,精準寫作
C2A1A1,精準寫作
C6B1B5,精準寫作
C6B1B3C,精準寫作
C6B1B3B,精準寫作
C6B1B8A,精準寫作
C6B1B8,精準寫作
C6B1B8B,精準寫作
C6B1B6A,精準寫作
C6B1B6,精準寫作
C6B1B7,精準寫作
C6B1B7A,精準寫作
C6B1B7B,精準寫作
C6B1B,精準寫作
C6B1B1,精準寫作
K2A,
C2C,精準寫作
A1A1,傾聽的力量
A1B1,傾聽的力量
A1A2,傾聽的力量
A1A2C5A,傾聽的力量
A1B3A,傾聽的力量
A1B4,傾聽的力量
A1C1,傾聽的力量
A1A2C3,傾聽的力量
A1A2C,傾聽的力量
A1B1B2,傾聽的力量
A1D,傾聽的力量
C6B,精準寫作
C6B1B4C,精準寫作
C2A1B,精準寫作
C6B1B5A1,精準寫作
C6B1B3D1,精準寫作
C6B1B5A2,精準寫作
C6B1B5A2A,精準寫作
C6B1B3D,精準寫作
C6B1B8A2,精準寫作
C3B1,聰明簡潔的溝通
C2D4,聰明簡潔的溝通
C2D,聰明簡潔的溝通
C2D1,聰明簡潔的溝通
C2D3,聰明簡潔的溝通
C3B1,聰明簡潔的溝通
C6A,聰明簡潔的溝通
C6B1B8B5,聰明簡潔的溝通
C2D2,聰明簡潔的溝通
C2D2A,聰明簡潔的溝通
C2D3A,聰明簡潔的溝通
C3,聰明簡潔的溝通
C4C1,聰明簡潔的溝通
C3B,聰明簡潔的溝通
C4B2,聰明簡潔的溝通
C4A1,聰明簡潔的溝通
C3A,聰明簡潔的溝通
K1A,世界第一的R90高效睡眠法
H2D2,影響力是你的超能力
H2D2A,影響力是你的超能力
A2B,影響力是你的超能力
A2A1,影響力是你的超能力
A2E,影響力是你的超能力
A2B1,影響力是你的超能力
A2C,影響力是你的超能力
A2,影響力是你的超能力
A4H2A1A,影響力是你的超能力
A4H2A2,影響力是你的超能力
A4H,影響力是你的超能力
A4H1A,影響力是你的超能力
A1J,影響力是你的超能力
A4I,影響力是你的超能力
A2D,影響力是你的超能力
A4H2A1A1,影響力是你的超能力
H2C1,影響力是你的超能力
A5B3A1,影響力是你的超能力
C5A2,超棒小說這樣寫
C5A2A1,超棒小說這樣寫
C5A2A,超棒小說這樣寫
C5A2C,超棒小說這樣寫
C5A2C1,超棒小說這樣寫
C5A2B,超棒小說這樣寫
C5,超棒小說這樣寫
C5C1,超棒小說這樣寫
C5D,超棒小說這樣寫
C5C,超棒小說這樣寫
C5C2,超棒小說這樣寫
C5E,超棒小說這樣寫
C5A1,超棒小說這樣寫
C5A1A,超棒小說這樣寫
C5A1C,超棒小說這樣寫
C5A,超棒小說這樣寫
C5B,超棒小說這樣寫
C5B1,超棒小說這樣寫
C5A1B,超棒小說這樣寫
C5E1,超棒小說這樣寫
C5F,超棒小說這樣寫
H2C2A1,當和尚遇到鑽石
H2C2A2,當和尚遇到鑽石
K3E1A5,大人學破局
K3E1A4,大人學破局
A3D1,大人學破局
A3D4,大人學破局
K3E1A3,大人學破局
A4E1,大人學破局
K3E1A6,一如既往
K3E1A,一如既往
A2A,一如既往
K4A,一如既往
K3E1,一如既往
K3E,一如既往
H3A,一如既往
H3A1,一如既往
K3E1A1,一如既往
H2A2A,佛畏系統
K3E1A3A,佛畏系統
H2D3A,佛畏系統
K3D2,一如既往
K3D2A,一如既往
F3,一如既往
C2E,一如既往
C2E1,一如既往
H2F,一如既往
K3D2A1,一如既往
K2C,自己想的
K2B,一如既往
K3E1A2,一如既往
K3B1A,一如既往
C2E2,魚桐
H2E1A1A,佛畏系統
K3B,佛畏系統
K3B1,佛畏系統
K3C,佛畏系統
C5B2,佛畏系統
C5B2A,佛畏系統
C5B2B,佛畏系統
C5B2C,佛畏系統
C5B2C1,佛畏系統
K3C1,佛畏系統
K3D,佛畏系統
K2D,一如既往
K2D1,一如既往
K3D1,一如既往
B3B1A1,一如既往
B3B2,一如既往
B3B1A,一如既往
K3D2B,一如既往
H2E2C1,一如既往
H2E1A1,一如既往
H2E2C,一如既往
G4B1B,多巴胺國度
K3A4,多巴胺國度
H2C2,與成功有約
H2C2A,與成功有約
B4,佛畏系統
B4A,佛畏系統
B4B,佛畏系統
B3B,佛畏系統
B4C,佛畏系統
B5,佛畏系統
G5,佛畏系統
G5A,佛畏系統
H2C3,與成功有約
H2C3A,與成功有約
H3C1,與成功有約
H3B1,與成功有約
H3B,與成功有約
H3C,與成功有約
G5B,佛畏系統
G5B1,佛畏系統
G5C,佛畏系統
H2D3,佛畏系統
K3A3A,佛畏系統
K3F,佛畏系統
H3B1A,佛畏系統
B3C,佛畏系統
A1B1B1,正面迎擊人生大魔王
A4B,正面迎擊人生大魔王
C6B1B2C,精準寫作
K3E1A6A,佛畏系統
C6B1B2A1,精準寫作
C6B1B2A1A,精準寫作
C6B1B4B3,精準寫作
C6B1B4A1,精準寫作
C6B1B4B4,精準寫作
C6B1B4D,精準寫作
C6B1B4D1,精準寫作
C6B1B3D1A,精準寫作
C6B1B3E,精準寫作
C6B1B8A4,精準寫作
C6B1B8A1,精準寫作
C6B1B8B3,精準寫作
C6B1B6B,精準寫作
C6B1B7C,精準寫作
K2E,佛畏系統
K2A1,佛畏系統
K2D2,佛畏系統
A5B3A,佛畏系統
A5B3,佛畏系統
H2C3B,與成功有約：高效能人士的七個習慣
H2C3B1,與成功有約：高效能人士的七個習慣
H2B1,與成功有約：高效能人士的七個習慣
H2B2,與成功有約：高效能人士的七個習慣
A1A2C1A1,與成功有約：高效能人士的七個習慣
H2C4,與成功有約：高效能人士的七個習慣
H2C4A,與成功有約：高效能人士的七個習慣
C2B1,象與騎象人
H2C2A3,象與騎象人
H2E2A4,象與騎象人
H2D2B,象與騎象人
H2D2C,象與騎象人
F5,象與騎象人
F4,象與騎象人
H3B1A1,象與騎象人
F6,象與騎象人
F6A,象與騎象人
F6A1,象與騎象人
F6B,象與騎象人
F4A,象與騎象人
C6B1B8F,文案大師教你精準勸敗術
C6B1B8A3,文案大師教你精準勸敗術
C6B1B8D2,文案大師教你精準勸敗術
C6B1B8A4,文案大師教你精準勸敗術
C6B1B6C,文案大師教你精準勸敗術
C6B1B8C,文案大師教你精準勸敗術
C6B1B8B4,文案大師教你精準勸敗術
A3G3,BCG問題解決力:一生受用的策略顧問思考法
A3G3A,BCG問題解決力:一生受用的策略顧問思考法
A3G2,BCG問題解決力:一生受用的策略顧問思考法
A3C1A,BCG問題解決力:一生受用的策略顧問思考法
A3C1B1,BCG問題解決力:一生受用的策略顧問思考法
A3C2A2,BCG問題解決力:一生受用的策略顧問思考法
A3G,BCG問題解決力:一生受用的策略顧問思考法
C6B1A,為什麼粉絲都不理我
C6B1B2B,為什麼粉絲都不理我
C6B1B3A,為什麼粉絲都不理我
C7,為什麼粉絲都不理我
C6B1B3A1,為什麼粉絲都不理我
A3B1,為什麼粉絲都不理我
A3C3,為什麼粉絲都不理我
A3G1A,BCG問題解決力:一生受用的策略顧問思考法
A3G1B2,BCG問題解決力:一生受用的策略顧問思考法
A3G1B1,BCG問題解決力:一生受用的策略顧問思考法
A3G1B,BCG問題解決力:一生受用的策略顧問思考法
A3G1,BCG問題解決力:一生受用的策略顧問思考法
A3C2A2A,BCG問題解決力:一生受用的策略顧問思考法
A5A1,BCG問題解決力:一生受用的策略顧問思考法
H2C4B,佛畏系統
A3C1B,資料分析
C6B1A1,資料分析
A3A,精準提問
A3B,精準提問
A1A2C5,精準提問
A3,精準提問
A3E,精準提問
A3E1,精準提問
A3F,精準提問
A3D1A,精準提問
A3D1A1,精準提問
A1A2C1A,精準提問
A3C1,精準提問
A3E2,精準提問
A3C2,精準提問
A3C2A2,精準提問:找到問題解方、培養創意思維、發揮專業
A3C2A1,精準提問:找到問題解方、培養創意思維、發揮專業
A3C2A,精準提問:找到問題解方、培養創意思維、發揮專業
A5B2,好問:化異見為助力的關鍵說服力
A5C,好問:化異見為助力的關鍵說服力
A5,好問:化異見為助力的關鍵說服力
A5B1,好問:化異見為助力的關鍵說服力
A5A,好問:化異見為助力的關鍵說服力
A3C,好問:化異見為助力的關鍵說服力
A5B,好問
A5B1A,好問
G6,不當行為
G6A,不當行為
K1B,高效經理人手冊
K1B1,高效經理人手冊
K1A1,高效經理人手冊
K1A2,高效經理人手冊
K1A1A,高效經理人手冊
K1B1A,高效經理人手冊
H2C5,推力
H3D,推力
A3A1,精準提問的力量
A3A1A,精準提問的力量
A3A2,精準提問的力量
A3A3,精準提問的力量
A3A4,精準提問的力量
A3A1A1,精準提問的力量
A3A2A,精準提問的力量